epoch,distance_mae_error,gate_center_mae_error,loss,lr,orientation_mae_error,val_distance_mae_error,val_gate_center_mae_error,val_loss,val_orientation_mae_error
0,0.076941796,0.041058358,4.071456460673555,0.001,0.026371673,0.06736498,0.032647505,2.82160921394825,0.022085173
1,0.048743103,0.025217403,1.8115507388908745,0.001,0.02121978,0.04752092,0.024796955,1.7174477813144524,0.021197986
2,0.042730227,0.021067388,1.4700957969190334,0.001,0.020047713,0.04314945,0.020442583,1.4634740526477497,0.020009428
3,0.038916588,0.01865417,1.269869393582459,0.001,0.019298904,0.053783983,0.019460356,1.9012329565982025,0.02035527
4,0.036072124,0.016953228,1.1216328955682082,0.001,0.018638263,0.04333811,0.01710651,1.363114695996046,0.019313695
5,0.031153817,0.014374473,0.9107048316130545,1e-04,0.017247492,0.032344382,0.014743437,0.9739648653194308,0.017829103
6,0.030476792,0.014155647,0.8841889642957431,1e-04,0.017068451,0.033497375,0.014462779,0.9968597454329332,0.017710507
7,0.029869363,0.014020669,0.8618219000395348,1e-04,0.016997058,0.03174743,0.014441944,0.9433993119746447,0.01757897
8,0.029328482,0.013746726,0.8395786458534433,1e-05,0.016850805,0.0315736,0.014109075,0.9330821596086025,0.017457547
9,0.029182918,0.0137020275,0.8335633810981681,1e-05,0.016837172,0.031426117,0.0141335,0.9280523437385758,0.01743321
10,0.029086793,0.013691512,0.8308251375240518,1e-05,0.016809037,0.03130083,0.014150183,0.9295458989217877,0.017448526
11,0.029105293,0.013687926,0.8305664657862123,1e-05,0.016831746,0.031249024,0.014084401,0.9271821683893601,0.017425487
12,0.02924086,0.013644241,0.8331865005870911,1e-05,0.016794488,0.031243555,0.014112019,0.9243722598378857,0.017425172
13,0.02891789,0.013650636,0.8238364175458179,1e-05,0.016766213,0.031239761,0.014091533,0.9236733795454105,0.017398598
14,0.02877344,0.013569411,0.8211212327231222,1e-05,0.01676817,0.03125428,0.014041156,0.9217302349085609,0.017413756
15,0.028949741,0.0135779455,0.8233794834460512,1e-05,0.01675764,0.03119217,0.0140240835,0.9205278409644961,0.017395651
16,0.028835777,0.013562071,0.8201389882786265,1e-05,0.016753258,0.031168329,0.014025279,0.9188216496258974,0.01737022
17,0.028853893,0.0135924,0.8249247957589843,1e-05,0.016755017,0.031186087,0.014019176,0.9190921441962322,0.01738532
18,0.028915873,0.013539678,0.8211115730411013,1e-05,0.016724072,0.031205125,0.014007719,0.9183880056565007,0.017380977
19,0.028656725,0.013538076,0.8126215991894495,1e-05,0.016735114,0.03115802,0.013985351,0.9163123024627566,0.017378474
20,0.028718421,0.013499256,0.8138436771219277,1e-05,0.016716804,0.031169226,0.013968104,0.9153789216652513,0.017364928
21,0.028748756,0.013496307,0.8134512256330518,1e-05,0.016760295,0.0311379,0.01394973,0.9150880590702096,0.017351562
22,0.028490325,0.01351985,0.8068329103368022,1e-05,0.01668368,0.031072225,0.013991485,0.914916092219452,0.017370142
23,0.028530257,0.013476217,0.8060630879158541,1e-05,0.016708972,0.031081455,0.013943487,0.9125640420243144,0.017354215
24,0.0287006,0.013472607,0.8109041569427289,1e-05,0.016704405,0.030977692,0.013979635,0.911643723025918,0.017351924
25,0.02847309,0.0134629365,0.8041296632774388,1e-05,0.016690234,0.031029178,0.013906719,0.9096200174341599,0.017329453
26,0.028728792,0.013472678,0.8109711080139458,1e-05,0.016685095,0.030949,0.013945308,0.9095564652234316,0.017334145
27,0.028429896,0.013447983,0.8026851895003313,1e-05,0.016679334,0.030966716,0.013952811,0.9095182592670122,0.017317034
28,0.028454842,0.013422632,0.8021269763309838,1e-05,0.016674977,0.030993415,0.013901414,0.9089110642671585,0.017333996
29,0.028441178,0.013411192,0.8004558384076326,1e-05,0.016668525,0.03093098,0.013882036,0.9063006058956186,0.017302526
30,0.0284416,0.013422562,0.8005780048334776,1e-05,0.016653087,0.031031098,0.013859819,0.9086722815409303,0.01730182
31,0.028444223,0.013378367,0.7992017892553941,1e-05,0.016634937,0.030986972,0.013871113,0.9076938955113292,0.01731886
32,0.028359802,0.013395617,0.7976689113883556,1e-05,0.01662573,0.030906847,0.013820084,0.9045569713537892,0.01731275
33,0.02818444,0.0133270705,0.7911574205834885,1e-05,0.016647978,0.030974345,0.013868592,0.9064613614852229,0.017291458
34,0.028220996,0.013357329,0.7924200913662478,1e-05,0.01662173,0.030951079,0.013788485,0.9036437732477983,0.01725746
35,0.02818874,0.013320913,0.7906172583489138,1e-05,0.016594604,0.030852914,0.0138155855,0.9027749430388212,0.017267212
36,0.028135885,0.013306191,0.7908569006366927,1e-05,0.016606016,0.03084652,0.013833067,0.9040607338150343,0.01730271
37,0.028096303,0.013318419,0.7884651393074666,1e-05,0.016599003,0.030924678,0.013773866,0.9015950672328472,0.017256312
38,0.028277751,0.013314168,0.7915029803592494,1e-05,0.016596003,0.030852772,0.013810705,0.899783406406641,0.017251879
39,0.028053809,0.013282802,0.7858555343271534,1e-05,0.01660079,0.030766875,0.013756417,0.8991414792835712,0.017243603
40,0.027972111,0.01326152,0.7846641348916545,1e-05,0.016641483,0.030781977,0.013819495,0.899996436201036,0.017270358
41,0.02802182,0.013290688,0.7855240036439403,1e-05,0.016584238,0.030737357,0.013748542,0.8973070293044051,0.017220076
42,0.028105589,0.013259116,0.7873354065910957,1e-05,0.016567187,0.03075308,0.013737568,0.8965160169949135,0.01720842
43,0.028082417,0.01325173,0.7855928032803344,1e-05,0.016541125,0.030696763,0.013750342,0.8970373955865701,0.017195469
44,0.027799625,0.013234706,0.7779854146333841,1e-05,0.016553694,0.030778239,0.013664912,0.894420144148171,0.017203338
45,0.027979089,0.01320348,0.7818922074736191,1e-05,0.01656705,0.030693628,0.013705315,0.8950662901625037,0.017215624
46,0.02786151,0.013185999,0.7807358884510298,1e-05,0.01653779,0.03076562,0.013654868,0.8943025680879751,0.017199172
47,0.02779926,0.013183531,0.7780799566330784,1e-05,0.016565323,0.030703796,0.0136892805,0.8924498232081532,0.017205307
48,0.027818223,0.013190735,0.7776462243769391,1e-05,0.016562507,0.03067008,0.013680575,0.8928383834039172,0.017169796
49,0.027723629,0.013161724,0.7747037570183641,1e-05,0.016556833,0.030608317,0.01365826,0.8891849930708607,0.017156875
50,0.027745992,0.013165012,0.7718514475359846,1e-05,0.01650621,0.030691253,0.013643469,0.890773688753446,0.017164476
51,0.027716324,0.013143409,0.7724172242678676,1e-05,0.016518328,0.030641798,0.013644339,0.8896360111733278,0.017131804
52,0.027818594,0.013162993,0.7737797411451657,1e-05,0.016503556,0.030600674,0.013639228,0.8905347005153695,0.01715946
53,0.027713234,0.01314744,0.7717648641592326,1e-05,0.016529508,0.03056582,0.01362724,0.8880404215306044,0.017150141
54,0.027662473,0.013092571,0.7687161649341014,1e-05,0.016508691,0.030619247,0.013662556,0.89120295116057,0.017140456
55,0.027461391,0.013131122,0.7659559311809278,1e-05,0.016511539,0.030533679,0.013591538,0.8870565177251896,0.017146863
56,0.02761905,0.013093237,0.7667748001494994,1e-05,0.016476102,0.030598989,0.013589053,0.8863049084320664,0.017129434
57,0.027454564,0.013087599,0.7629005546616359,1e-05,0.016475303,0.030624833,0.01355267,0.8855843478813767,0.017089926
58,0.027512714,0.013041959,0.7631818351734656,1e-05,0.016463881,0.03048652,0.013544365,0.8833475510279337,0.01709472
59,0.027389914,0.013073439,0.7592534042732313,1e-05,0.01643301,0.030451711,0.013553224,0.882879851385951,0.017095394
60,0.027317785,0.013050561,0.7575495763158963,1e-05,0.016440626,0.030435868,0.0135726165,0.8818320082500577,0.017110547
61,0.027382866,0.013053729,0.760196719425554,1e-05,0.016447617,0.03050268,0.013540898,0.8818971151486039,0.017121652
62,0.02751105,0.0130370045,0.7613445491317219,1e-05,0.016434781,0.030531533,0.0135306595,0.8829118531818191,0.017101584
63,0.027480245,0.013027223,0.7619032354428765,1e-05,0.016440226,0.030431721,0.013521588,0.8813847061246634,0.017096536
64,0.027453817,0.012986933,0.7597748174254026,1e-05,0.016386654,0.030426012,0.013542111,0.8831931330884496,0.017081572
65,0.027211657,0.012994127,0.7517268382928127,1e-05,0.016378669,0.030424364,0.013502706,0.8794346436237296,0.017079972
66,0.027295463,0.012988386,0.7561821854073473,1e-05,0.01642385,0.030476872,0.013483637,0.879150714725256,0.017074227
67,0.027215546,0.012937399,0.7508477197722644,1e-05,0.016432287,0.030434804,0.013468752,0.8776240876565377,0.017050033
68,0.02713216,0.012949513,0.7489883403211456,1e-05,0.016409514,0.030398624,0.01347692,0.877622677013278,0.01705938
69,0.027152486,0.012960118,0.7513056753286674,1e-05,0.016400497,0.030427055,0.013445582,0.8765865952397386,0.017041214
70,0.02721212,0.012961359,0.7487865373338268,1e-05,0.016377566,0.030333392,0.0134711955,0.8767753696690003,0.017025856
71,0.027076155,0.012962043,0.7460316440473331,1e-05,0.0163867,0.03036008,0.013451643,0.8759454898536205,0.017042812
72,0.027130302,0.0129331155,0.749020234657073,1e-05,0.016353702,0.03033701,0.01344222,0.8754119031752149,0.017041238
73,0.027038949,0.012889276,0.7439037436869607,1e-05,0.01637656,0.03038953,0.013472179,0.8753799088299274,0.017038701
74,0.02692864,0.012923091,0.7415889966912166,1e-05,0.016391555,0.03036402,0.01346287,0.8755940717334548,0.017038658
75,0.027056899,0.01291206,0.743143988428926,1e-05,0.016344417,0.030296972,0.013419769,0.8739449117953578,0.017023508
76,0.027008139,0.012902163,0.7442345528528693,1e-05,0.01637215,0.030289378,0.013414354,0.8765969357142845,0.017008178
77,0.026827982,0.012851911,0.7377886811504408,1e-05,0.016315175,0.030283911,0.0134273525,0.8733888923500975,0.01700894
78,0.026895083,0.0128662,0.740075665554962,1e-05,0.016342372,0.030364027,0.013415625,0.8736481467882792,0.017012231
79,0.026887016,0.0128708985,0.7368574902398167,1e-05,0.01631469,0.030248765,0.013378298,0.8705010923246542,0.017004464
80,0.02690014,0.0128092775,0.736525315402159,1e-05,0.016336622,0.030266829,0.013373186,0.8707355316728354,0.016993422
81,0.026825048,0.012823235,0.7360722375039255,1e-05,0.016300539,0.030180342,0.013349176,0.8686312291150292,0.017007682
82,0.026769966,0.012818077,0.7335682546230189,1e-05,0.016291874,0.030178543,0.013391692,0.8700941701730093,0.016991153
83,0.026653457,0.01280644,0.7327583380188926,1e-05,0.016296031,0.030160049,0.013338329,0.8681372987727324,0.016984304
84,0.026860453,0.012801981,0.7351660490651902,1e-05,0.01629514,0.030178223,0.013339118,0.8667157236486673,0.016979747
85,0.026687745,0.012790001,0.7322170452806076,1e-05,0.01625482,0.030307684,0.013326783,0.8677213306849202,0.016972663
86,0.026723485,0.012839286,0.7322743022482924,1e-05,0.01631134,0.030151166,0.013297571,0.8652205107112726,0.016954506
87,0.026768047,0.012779395,0.7309177726609836,1e-05,0.016286086,0.030098863,0.013303783,0.865092147141695,0.016950633
88,0.02652064,0.012743324,0.7268399481589978,1e-05,0.01627043,0.03013713,0.013296736,0.8673128560185432,0.016948113
89,0.02676074,0.012739183,0.7314843712663267,1e-05,0.01627303,0.030139271,0.013314798,0.8657447791968783,0.016945727
90,0.026758973,0.012729009,0.7319896344681421,1e-05,0.016262757,0.030116584,0.013274478,0.8639576177423199,0.016928216
91,0.026598245,0.012704019,0.7242321982107262,1e-05,0.016261453,0.030049907,0.013284803,0.863193436836203,0.016923668
92,0.026710747,0.012729143,0.7300960256982205,1e-05,0.01624744,0.030081915,0.013304421,0.8644164397070805,0.016937869
93,0.02659859,0.012713823,0.725071657607257,1e-05,0.016234506,0.030105975,0.013239549,0.8624352607876062,0.016940974
94,0.026453638,0.012688527,0.7204617253332544,1e-05,0.016218916,0.030071229,0.01325988,0.8605858885372678,0.016919067
95,0.026511366,0.0127021605,0.7233864127836873,1e-05,0.016267015,0.030088067,0.013218138,0.8597896751016378,0.01689014
96,0.026482563,0.012694108,0.7210944573107324,1e-05,0.016221076,0.030038562,0.0132841095,0.8617524964114031,0.016909676
97,0.026439648,0.012672804,0.7193061765176421,1e-05,0.016191581,0.03000953,0.013250059,0.8593238707010945,0.016892048
98,0.026402617,0.012684836,0.7182023539266685,1e-05,0.016172156,0.030060586,0.0132297315,0.860393140775462,0.016882997
99,0.026384003,0.012650689,0.7168859253657809,1e-05,0.016172782,0.030079948,0.013171237,0.8586525665596128,0.016891895
100,0.026351435,0.012660497,0.7162648785675434,1e-05,0.016215634,0.029995212,0.013233407,0.8572739952554306,0.016878096
101,0.026425764,0.012609082,0.7163099556921818,1e-05,0.016180737,0.029994773,0.013197744,0.8569209317987164,0.016863588
102,0.026414879,0.012673702,0.7178793070510663,1e-05,0.016169785,0.029981352,0.013185037,0.8578378151481351,0.016891176
103,0.026238639,0.0126139745,0.7147180034974686,1e-05,0.01620743,0.029912617,0.013205845,0.8579008722056946,0.016901849
104,0.026312144,0.012615544,0.7132599082797868,1e-05,0.016166458,0.029922042,0.013172203,0.8568176223586003,0.016873814
105,0.026219497,0.012621035,0.7107395588256735,1e-05,0.016186906,0.02997002,0.013172098,0.8557178849975268,0.016882686
106,0.026238073,0.012553945,0.7108439765485639,1e-05,0.016180879,0.029984318,0.013118984,0.8536619509880742,0.016859652
107,0.026262078,0.012576149,0.71154963566433,1e-05,0.016145378,0.029942032,0.013188437,0.8545002161214749,0.01685498
108,0.02624641,0.01256436,0.710904142065519,1e-05,0.016151777,0.029869117,0.0131840445,0.8539685995007554,0.016834304
109,0.026035631,0.012582274,0.7064134926117109,1e-05,0.01616059,0.029846244,0.013163175,0.8535117444892725,0.016829586
110,0.02630655,0.01254265,0.7121307146056511,1e-05,0.01613996,0.029892193,0.013110698,0.8517088852822781,0.016845712
111,0.025987659,0.012561683,0.704136343657902,1e-05,0.016119981,0.02980686,0.013105388,0.851362875662744,0.016854845
112,0.026108144,0.0125362575,0.7058123061358587,1e-05,0.016121676,0.029844739,0.013111185,0.8517868919298053,0.016828595
113,0.026019765,0.01253008,0.7040547189290981,1e-05,0.016100036,0.029851828,0.013114806,0.8510222931702932,0.016816407
114,0.026004005,0.012515366,0.7017189952043387,1e-05,0.016109997,0.029861208,0.013082379,0.8501411977534493,0.016805273
115,0.026001018,0.012467591,0.7007580672558632,1e-05,0.016105678,0.029807605,0.013072523,0.8500822850813469,0.016815372
116,0.02602852,0.012535234,0.7042027101451028,1e-05,0.016111126,0.029816946,0.01308309,0.8481688971320788,0.016810441
117,0.025858503,0.012509265,0.6973920393003799,1e-05,0.01609461,0.02980254,0.013070271,0.8479836713522673,0.016827973
118,0.026008049,0.012477704,0.701269251881456,1e-05,0.01607395,0.029792028,0.01309533,0.8476104844982425,0.016836774
119,0.025913484,0.012472786,0.6986071838987681,1e-05,0.016058255,0.029829869,0.013082475,0.8479626004894575,0.016846992
120,0.025712447,0.012452983,0.6918834383534236,1e-05,0.016065303,0.029802047,0.013046126,0.8477493850514293,0.016786434
121,0.025822628,0.012479544,0.6960589498384128,1e-05,0.016055293,0.029818876,0.013062608,0.846660092783471,0.016803818
122,0.025842108,0.012414947,0.6948032625849293,1e-05,0.01608454,0.02973222,0.013078881,0.846797035386165,0.016811568
123,0.025878927,0.012440309,0.6985923927427022,1e-05,0.016036976,0.02977886,0.013042737,0.847076897819837,0.016804704
124,0.0256943,0.01239823,0.6905444709907033,1e-05,0.016036173,0.029825052,0.01302423,0.8451578548798958,0.016781053
125,0.025780264,0.012406226,0.6927605886889107,1e-05,0.01603298,0.0297667,0.013013128,0.8434104096765319,0.016766004
126,0.025686277,0.012384027,0.69019073767996,1e-05,0.016009582,0.02988413,0.0129662845,0.8456855913003286,0.016740873
127,0.025703877,0.012386773,0.6908628908076873,1e-05,0.016045421,0.029670851,0.012993022,0.8421765873208642,0.01674217
128,0.025613163,0.012396604,0.6880217011158283,1e-05,0.016035687,0.029671112,0.013015289,0.8420984040324887,0.016760135
129,0.025619784,0.01237364,0.6867615340703117,1e-05,0.01596668,0.029670332,0.012972538,0.841980696345369,0.016747678
130,0.025550846,0.012372043,0.6897000282421177,1e-05,0.016031483,0.029670676,0.013018399,0.8446412179619074,0.016773092
131,0.02553575,0.012369839,0.685928117120307,1e-05,0.016000308,0.0296041,0.012966371,0.8386756985758742,0.016753264
132,0.025622042,0.012361291,0.686684541361477,1e-05,0.015993334,0.029550174,0.0129686,0.8391669302557906,0.016747054
133,0.025510672,0.012337799,0.6844388799812435,1e-05,0.016025243,0.029708356,0.012935644,0.8403972064455351,0.016734928
134,0.025464451,0.012345093,0.6823714712867781,1e-05,0.015984446,0.02959717,0.012923657,0.8379253915821513,0.016697424
135,0.025617115,0.012342189,0.6851358998793549,1e-05,0.016000833,0.02958602,0.01297587,0.8394274540866414,0.016738422
136,0.025547875,0.012333791,0.6832561197291833,1e-05,0.015964532,0.029595627,0.012916102,0.8381129636739691,0.016728958
137,0.025485935,0.012301411,0.6811905816009206,1e-05,0.015936699,0.02958612,0.01292022,0.8389391719053189,0.016691653
138,0.025479622,0.012314854,0.6827377746764882,1e-05,0.015972633,0.029632708,0.012917493,0.8380636392782131,0.016721448
139,0.025411688,0.012317011,0.6794252237893136,1e-05,0.01598081,0.029564206,0.012883487,0.8364346642047167,0.016699273
140,0.025298448,0.012302941,0.6765684771140873,1e-05,0.015966708,0.02959036,0.012933687,0.8378985530386368,0.016740207
141,0.025476385,0.012292992,0.679785755006372,1e-05,0.015935533,0.029551983,0.012903469,0.8352378817896048,0.016702028
142,0.025326757,0.012285627,0.6777601067562739,1e-05,0.015931504,0.02952738,0.012884479,0.8370603245372573,0.016687494
143,0.025276108,0.012273722,0.6746993894623561,1e-05,0.01593889,0.029500859,0.012899768,0.8353655307243267,0.016679322
144,0.025346804,0.012286854,0.6758663313533901,1e-05,0.015917154,0.029540062,0.012877402,0.8338953635344902,0.01671706
145,0.025369862,0.012275156,0.6764030645758632,1e-05,0.0159438,0.029457837,0.012890678,0.8343993487457434,0.016708152
146,0.025303323,0.012269818,0.6755825810810181,1e-05,0.015903642,0.029462926,0.012859564,0.8351128147915006,0.016674899
147,0.02537423,0.012270506,0.6760480635543915,1e-05,0.015914328,0.029473696,0.01288568,0.8340254832680026,0.01668413
148,0.025059566,0.012241285,0.6697321944409205,1e-05,0.015927425,0.029428873,0.012854638,0.8317401722694436,0.016663514
149,0.025328,0.012225237,0.6736281490216436,1e-05,0.015924785,0.029401375,0.012852121,0.8309897013629476,0.016657723
150,0.025203418,0.012229559,0.6719670627270445,1e-05,0.015912876,0.029546252,0.012810506,0.8330516628921032,0.016651789
151,0.025196977,0.012232296,0.6717924601585529,1e-05,0.015908938,0.029397653,0.012840016,0.8295682376871506,0.016649932
152,0.02509959,0.012217175,0.6684804011636706,1e-05,0.015894465,0.029456131,0.012817569,0.8304538407052556,0.016659517
153,0.025203332,0.012209374,0.6693033368661401,1e-05,0.015892494,0.029487262,0.012803851,0.83116649184376,0.016670426
154,0.025185516,0.012222738,0.6702265206694467,1e-05,0.015885327,0.029476365,0.012779435,0.8292719287176927,0.016632909
155,0.025080442,0.012190046,0.6668465570316796,1e-05,0.015883613,0.029409902,0.012786487,0.8295888248831034,0.016625628
156,0.025090178,0.012173003,0.6653577692199383,1e-05,0.01584176,0.029453503,0.012773194,0.8281506529698769,0.016640835
157,0.025012331,0.012193444,0.66390481163522,1e-05,0.015878644,0.029421806,0.012779248,0.8284730669111013,0.016617525
158,0.025085885,0.012165564,0.6664972569789186,1e-05,0.015862325,0.029396482,0.012751184,0.8270042960842451,0.016589476
159,0.025117166,0.012155013,0.6667316649387132,1e-05,0.015842818,0.029382028,0.012832317,0.8305238950997591,0.016658979
160,0.0250296,0.012133361,0.6636068352875562,1e-05,0.015826097,0.029418379,0.012756999,0.8269411449631056,0.016611693
161,0.02492448,0.012149801,0.6616996998217568,1e-05,0.015859103,0.029314263,0.012758198,0.8253582107524077,0.016612384
162,0.02495758,0.012123856,0.660795685857637,1e-05,0.015864566,0.029480394,0.012765192,0.8281154517705241,0.016620822
163,0.024990562,0.012115826,0.6611219955571894,1e-05,0.01582699,0.029307421,0.012732704,0.8269977550953627,0.016597657
164,0.024912627,0.012103841,0.6591598097273458,1e-05,0.015829524,0.029293332,0.012709695,0.8237518273914853,0.016596945
165,0.024853218,0.012106079,0.6578580142778315,1e-05,0.015841268,0.029388504,0.012702489,0.8249976858496666,0.01657011
166,0.024892962,0.012087876,0.6608558003240009,1e-05,0.01580715,0.029323973,0.012722436,0.824467004587253,0.016613124
167,0.024842687,0.012087691,0.6571085939930172,1e-05,0.015820365,0.02929151,0.0127180545,0.8241616515442729,0.016604919
168,0.024750786,0.012061541,0.6553626773209578,1e-05,0.015813835,0.029264983,0.012720987,0.8238006954391798,0.016576622
169,0.024770008,0.012065905,0.6551594204524902,1e-05,0.015824419,0.029286401,0.012699904,0.822634314497312,0.016576765
170,0.02480665,0.012088974,0.6551909451506579,1e-05,0.01576999,0.029281672,0.01267353,0.8221352115894357,0.016572855
171,0.024787785,0.012069845,0.654307406750667,1e-05,0.015803544,0.029310184,0.012657177,0.8229733469585577,0.016561044
172,0.02473321,0.012046466,0.6538684669920553,1e-05,0.01579057,0.02923123,0.012663775,0.8213835535570979,0.016568236
173,0.024745945,0.012060421,0.6534715187056878,1e-05,0.015777675,0.029231228,0.012695923,0.821554956647257,0.016594933
174,0.024683021,0.012048369,0.6516210585319353,1e-05,0.015753927,0.029204322,0.012662928,0.8217575708404183,0.016586496
175,0.02472373,0.012024167,0.6492290261760781,1e-05,0.015776956,0.0292017,0.012685772,0.820293977856636,0.016563905
176,0.02460384,0.012047044,0.6502803555175439,1e-05,0.015754204,0.029137565,0.012664852,0.8200885967041055,0.016558861
177,0.024676578,0.012015761,0.6488295989250069,1e-05,0.015742082,0.029150166,0.012674887,0.819133729984363,0.01653912
178,0.024574364,0.012006579,0.6474649220807681,1e-05,0.015740847,0.029181536,0.012653906,0.8189213934044043,0.016553711
179,0.024655411,0.011989384,0.6469304398403649,1e-05,0.01574698,0.029126756,0.012671512,0.8200237117707729,0.01655327
180,0.024700567,0.011998111,0.6496405903288472,1e-05,0.01572675,0.029115783,0.01264516,0.8190558527906736,0.016518231
181,0.024565972,0.011974541,0.6466758989233922,1e-05,0.015696125,0.02914952,0.012630194,0.817484421034654,0.016542701
182,0.02457286,0.011984272,0.6475601755039837,1e-05,0.015746182,0.029145122,0.012622479,0.8172923090557257,0.016518071
183,0.024464583,0.011991713,0.6448260850597057,1e-05,0.0157053,0.029146016,0.012619498,0.8166188128913442,0.016513318
184,0.024504745,0.011957718,0.6443947989207047,1e-05,0.015751453,0.029146986,0.012615489,0.8164629712700844,0.016514279
185,0.024492541,0.011971892,0.6437889600320197,1e-05,0.015704487,0.029151695,0.012598364,0.8175502900655071,0.016520783
186,0.024513552,0.01199348,0.6457886203148335,1e-05,0.015706036,0.029071433,0.012603242,0.8159853129958113,0.016535304
187,0.024547512,0.011925166,0.6460135464142713,1e-05,0.015689796,0.029119257,0.012601858,0.8156062547738353,0.016504856
188,0.024484167,0.011946907,0.6419994283967944,1e-05,0.0157085,0.029110797,0.012616839,0.8160826284438372,0.016507775
189,0.024365623,0.011917104,0.639632642200702,1e-05,0.015680417,0.029052785,0.012589024,0.8154389690607786,0.016522216
190,0.024317881,0.011890829,0.6366629947819474,1e-05,0.015693547,0.029142903,0.012545828,0.8147995735829076,0.016466325
191,0.024365457,0.011957025,0.6408175126693278,1e-05,0.015698371,0.029093958,0.012567606,0.8145962928732237,0.016507506
192,0.024314094,0.011875052,0.6383214726034727,1e-05,0.015675096,0.029046737,0.012615455,0.8166507122417291,0.016510924
193,0.024420885,0.011923035,0.640377259213396,1e-05,0.015682528,0.029059418,0.012546549,0.8135604852189621,0.01647767
194,0.024412438,0.011899695,0.6380523665627437,1e-05,0.015683373,0.02901575,0.012565,0.8134578453997771,0.016489038
195,0.024389626,0.011907127,0.6377598766139125,1e-05,0.01566939,0.02915741,0.012539576,0.8143829299757878,0.016488595
196,0.024172017,0.011882547,0.6337899832925348,1e-05,0.015621632,0.02899656,0.012534674,0.8110939223940173,0.016456472
197,0.02427459,0.011885918,0.6361204597213649,1e-05,0.015651787,0.029030276,0.0125062885,0.811162430793047,0.016444676
198,0.024195636,0.011882862,0.6326286867346473,1e-05,0.015638575,0.029019097,0.012519489,0.8117306331793467,0.016479794
199,0.0243004,0.011857798,0.6357985987797397,1e-05,0.01563956,0.028963812,0.012553799,0.8107152686764797,0.016442798
200,0.024116788,0.011862945,0.631923943450065,1e-05,0.015635425,0.028951827,0.012517508,0.8095358097925782,0.016459884
201,0.024181811,0.011852147,0.6326540164504068,1e-05,0.015592586,0.029010706,0.01249781,0.8105662483721972,0.01647306
202,0.024225378,0.011824233,0.6315174760418836,1e-05,0.015635125,0.029071132,0.012549957,0.8125207011277477,0.01649451
203,0.024065895,0.011847342,0.6301694615700215,1e-05,0.015604308,0.029017666,0.012475243,0.8099598316475749,0.016461698
204,0.02400253,0.011813103,0.6265628593455226,1e-05,0.015627464,0.0289383,0.012528611,0.8086727224290371,0.016417405
205,0.023984555,0.011839988,0.6267576162905425,1e-05,0.015618591,0.028984742,0.012488743,0.8076691838602225,0.016427448
206,0.024114136,0.011817568,0.6291495782636474,1e-05,0.015592634,0.028990878,0.012511447,0.8113165612642964,0.01646521
207,0.024039261,0.011807114,0.6264666479025314,1e-05,0.015579138,0.028944824,0.012509829,0.8076021000742912,0.016426679
208,0.02411613,0.011805477,0.6292856679855067,1e-05,0.015586199,0.028969845,0.012488083,0.8091133913646141,0.016420402
209,0.02401422,0.0118107125,0.626643507030336,1e-05,0.015591466,0.028952492,0.012483294,0.8075543555120627,0.016409775
210,0.023985308,0.0117942225,0.6238816716846177,1e-05,0.015565981,0.029057195,0.012490672,0.8104916345328093,0.01648543
211,0.023958294,0.011795016,0.6249494930017145,1e-05,0.015565909,0.029005567,0.012457244,0.8097675824537873,0.016427962
212,0.023941193,0.011802769,0.6244714988222352,1e-05,0.01554697,0.02892828,0.01246666,0.8068800447508693,0.01641513
213,0.024015948,0.01178861,0.6244236645892896,1e-05,0.015568511,0.028879255,0.01247511,0.8068210774411758,0.016436642
214,0.023921903,0.011784952,0.6234546642489603,1e-05,0.015553275,0.028988047,0.012503447,0.8065724615007639,0.016401254
215,0.023922218,0.011753699,0.6206533812696433,1e-05,0.015543449,0.028886732,0.012480723,0.8062869527687629,0.016422845
216,0.024006113,0.011775575,0.6232197611805492,1e-05,0.015559169,0.02907408,0.012465634,0.8083576019853354,0.016421087
217,0.023938488,0.011763196,0.621407350121081,1e-05,0.015561578,0.028992828,0.012426104,0.8060751973340908,0.016409613
218,0.023891635,0.011771928,0.6202667900259541,1e-05,0.015517555,0.028874079,0.012448293,0.8053774427001675,0.016418222
219,0.023727298,0.011757378,0.6174770679525886,1e-05,0.015541254,0.028891258,0.012418519,0.8034242767219743,0.01636786
220,0.02377109,0.011749877,0.6172627353640839,1e-05,0.015531923,0.028824827,0.012416642,0.8030993885671099,0.01638081
221,0.023717802,0.011768211,0.6164229704851946,1e-05,0.01550428,0.028854033,0.012372669,0.8038774446273843,0.016386814
222,0.023804983,0.01169684,0.6188859660713051,1e-05,0.015510557,0.028940834,0.012374911,0.8032034697631995,0.016376786
223,0.023764476,0.011761347,0.6174921417003658,1e-05,0.015543499,0.028850807,0.012436652,0.8063575020059943,0.016397426
224,0.023728168,0.011718401,0.6168875266230065,1e-05,0.015522339,0.02886277,0.012395561,0.8026284833128253,0.016395077
225,0.02377431,0.011719206,0.6163091074448639,1e-05,0.015520818,0.028845238,0.012410779,0.8035872606560588,0.01637277
226,0.023695214,0.011715324,0.6131822057624361,1e-05,0.015510734,0.028997885,0.0124087995,0.8045579642057419,0.016387608
227,0.02361327,0.011677612,0.6130180040333767,1e-05,0.015478415,0.028830413,0.012375355,0.8020630606139699,0.016340476
228,0.023776708,0.011695233,0.6156295345995648,1e-05,0.015494351,0.028824054,0.012395991,0.8030428799490134,0.016376866
229,0.023620738,0.011656514,0.6120476943411866,1e-05,0.0154720545,0.028841648,0.012374509,0.8021567879865567,0.01634311
230,0.023807498,0.011687568,0.6160584925305008,1e-05,0.015485063,0.028854787,0.012384362,0.8034281417106589,0.016393553
231,0.023587523,0.011663928,0.610834448434729,1e-05,0.015485577,0.028894825,0.012362195,0.8010802939534187,0.016346758
232,0.023831261,0.011674123,0.6143182697101794,1e-05,0.015468332,0.028793624,0.012392593,0.7998330798000097,0.016348612
233,0.023635231,0.011684777,0.6106840617757988,1e-05,0.015502201,0.028836867,0.012356397,0.8007572557156285,0.016369013
234,0.02349889,0.011663568,0.6100463726216698,1e-05,0.015438947,0.028730435,0.012368713,0.7994249161953727,0.016329378
235,0.023512436,0.011627128,0.6077150700765691,1e-05,0.015446601,0.028832287,0.012333352,0.7995213291918238,0.016339157
236,0.023561416,0.011645824,0.6080939730396226,1e-05,0.0154407825,0.028822992,0.012318889,0.7985881480077902,0.01630407
237,0.023555456,0.011653023,0.6089598560784906,1e-05,0.015456556,0.028905861,0.012349704,0.8017862762014071,0.01637604
238,0.023469014,0.011684265,0.6079449512654687,1e-05,0.015433582,0.02873378,0.012352274,0.7990355143944422,0.016329445
239,0.023458935,0.011620162,0.6058093416841378,1e-05,0.015443914,0.028807273,0.012318339,0.7997410716488957,0.016330156
240,0.02352073,0.0116225965,0.6072392604997046,1e-05,0.015433709,0.028701957,0.0123033505,0.796617473786076,0.016299997
241,0.023569511,0.011600976,0.6088016381835828,1e-05,0.015423497,0.028736658,0.012341398,0.7988987794766823,0.016318884
242,0.023374109,0.011600634,0.6017034581074348,1e-05,0.015403073,0.028761208,0.012357437,0.7980886284882823,0.016352685
243,0.023503462,0.011622233,0.6069475124952577,1e-05,0.015418144,0.028697899,0.012299872,0.7955308066060146,0.016294904
244,0.023426376,0.011617659,0.6052558547662128,1e-05,0.015396273,0.028723624,0.012311252,0.7964433574428161,0.016295303
245,0.023307854,0.011552489,0.6016488166955801,1e-05,0.015378413,0.02873691,0.012296896,0.7971050379176935,0.016273363
246,0.023419736,0.011593794,0.6026230525956773,1e-05,0.015382865,0.028708713,0.012292342,0.7954220393051704,0.016272338
247,0.023332836,0.011562468,0.6028506597749949,1e-05,0.015412522,0.028797818,0.012333345,0.7994312740241488,0.016265228
248,0.023414806,0.011580696,0.6040376982855878,1e-05,0.015405895,0.028752616,0.012290991,0.7953122140218815,0.016270464
249,0.023410365,0.011574611,0.6029014897059081,1e-05,0.015370046,0.028792672,0.012281012,0.7963924544552962,0.016278828
250,0.02333342,0.011589035,0.5999597033526402,1e-05,0.015395835,0.028737672,0.012293736,0.7962362648298343,0.016256863
251,0.023379413,0.011559722,0.6022056586501519,1e-05,0.0153920315,0.02880967,0.012248806,0.7951070091997584,0.016253239
252,0.023250561,0.011552862,0.5982632744805,1e-05,0.015357889,0.02866347,0.012275154,0.7943619520713886,0.016293729
253,0.023262735,0.0115662385,0.5991695603327964,1e-05,0.015372543,0.028748214,0.012289693,0.7940005433435241,0.016243983
254,0.023321226,0.011536924,0.5995317502150442,1e-05,0.015350344,0.028713746,0.012227397,0.7941185360153517,0.01624806
255,0.0232159,0.01152802,0.5972850124269348,1e-05,0.015362436,0.02874238,0.012281876,0.7943768665815393,0.01626277
256,0.023301644,0.0115419645,0.598662193552361,1e-05,0.015329889,0.028635032,0.0122527,0.7931654086957375,0.016278308
257,0.023166241,0.011522742,0.5951478820375405,1e-05,0.01535038,0.028738426,0.012239529,0.7933894495169321,0.016260505
258,0.02319857,0.011513739,0.5958325693514263,1e-05,0.015331915,0.028651297,0.01226213,0.7918526272599896,0.016250158
259,0.023202686,0.011543353,0.595031371312355,1e-05,0.015342416,0.028693127,0.012260487,0.793422369286418,0.016232118
260,0.023244953,0.011493522,0.5955390235928799,1e-05,0.015337622,0.02863213,0.012223078,0.7916211988776922,0.016247422
261,0.023209129,0.01149567,0.5951625149094004,1e-05,0.015332873,0.028717276,0.012227938,0.7925962498411536,0.01625032
262,0.02313601,0.011518335,0.5943860840030981,1e-05,0.01535274,0.028738277,0.012200903,0.7917378898710012,0.016241897
263,0.023175897,0.011496635,0.5947595521653698,1e-05,0.015337714,0.028760629,0.012198337,0.7929004952311516,0.016206987
264,0.02305868,0.01146832,0.5904329872158721,1e-05,0.015313087,0.028709289,0.012242144,0.7934759749720494,0.016268738
265,0.023205219,0.011505711,0.5932214706280748,1e-05,0.015316856,0.02860019,0.012237124,0.7908797264099121,0.016240155
266,0.023124184,0.011473378,0.5918932425373594,1e-05,0.0152814565,0.02864953,0.012203323,0.7908279892678062,0.016224297
267,0.023147384,0.011465829,0.5941791431775186,1e-05,0.0153119685,0.028691776,0.012211833,0.7929741265252233,0.01620793
268,0.023035541,0.0114835845,0.5913046965916586,1e-05,0.0152964415,0.028598646,0.01220083,0.7890850668773055,0.016220732
269,0.02306645,0.011474894,0.5916601845098555,1e-05,0.015313772,0.028550463,0.012186759,0.78896340696762,0.016204586
270,0.02313257,0.01147558,0.591954279062258,1e-05,0.015295472,0.028565489,0.012179456,0.7908426923677325,0.016197661
271,0.023046257,0.011450772,0.5900644203551738,1e-05,0.015280524,0.028555296,0.012212925,0.7882359509045879,0.016209658
272,0.022994714,0.011462326,0.586930099571066,1e-05,0.015257093,0.02862528,0.012172899,0.7892841758827368,0.016182555
273,0.022993756,0.011421141,0.5879860608298524,1e-05,0.01525663,0.02872125,0.012172087,0.7897352908427516,0.016188826
274,0.02294276,0.011432582,0.5861771852633436,1e-05,0.015273483,0.028613366,0.012137809,0.7884328017632166,0.016220253
275,0.023049207,0.011432432,0.5893210808732616,1e-05,0.015248498,0.028459072,0.012166006,0.7866553940499822,0.016183179
276,0.022906484,0.011408743,0.5849822881438018,1e-05,0.015267383,0.028749142,0.0121709565,0.789458908761541,0.016175294
277,0.022945583,0.01143035,0.5866986303392425,1e-05,0.015256364,0.028649582,0.012197712,0.791512267353634,0.01622379
278,0.022919348,0.011409658,0.5847498509695007,1e-05,0.015237056,0.0286,0.012149487,0.7878612109149495,0.016172506
279,0.022956565,0.011438772,0.5865719811445537,1e-05,0.015244902,0.0286377,0.012129511,0.7876088159779707,0.016134072
280,0.022970485,0.0113915475,0.5859810719191686,1e-05,0.015235224,0.028465224,0.012164596,0.7867712561661998,0.016168136
281,0.022909833,0.011415955,0.586380543959264,1e-05,0.015276659,0.028570231,0.012156258,0.7888537213827173,0.016195085
282,0.02277606,0.011405881,0.5827122386095855,1e-05,0.015223641,0.028547568,0.012133359,0.7851054032022754,0.016138455
283,0.022873484,0.011405192,0.5836815136718969,1e-05,0.015235471,0.028474748,0.012114796,0.7844147263094783,0.01612273
284,0.022831975,0.011380661,0.5830874931319573,1e-05,0.0152044725,0.028500803,0.012136364,0.7859348931039373,0.016129771
285,0.022869734,0.011392123,0.582499251710561,1e-05,0.015204262,0.02849504,0.012145845,0.788813708970944,0.01617464
286,0.02278783,0.011366732,0.5804546104848863,1e-05,0.015213547,0.028502759,0.012105823,0.7852672577525178,0.016154468
287,0.022835435,0.011391006,0.5813445230575982,1e-05,0.015186811,0.028517433,0.012112872,0.7848243567471703,0.016106762
288,0.022774735,0.011366126,0.5808195913494933,1e-05,0.015186835,0.028541084,0.012098396,0.7846497104813656,0.016130468
289,0.022684868,0.0113925245,0.5785635906505804,1e-05,0.015183972,0.028532144,0.012115948,0.7870214277257522,0.016169002
290,0.022747412,0.011347468,0.5796735145399683,1e-05,0.015201824,0.028529005,0.012124771,0.7850798141832153,0.01614486
291,0.022699201,0.011363642,0.5788217149974284,1e-05,0.015151188,0.028517477,0.012081493,0.7848332871993383,0.016112365
292,0.022656368,0.011346045,0.5787033637820922,1e-05,0.015218962,0.028671792,0.012080283,0.7873180437212189,0.016125552
293,0.022742298,0.011352737,0.5781747156799045,1e-05,0.015205253,0.028448747,0.012085384,0.7844148498649398,0.016137013
294,0.022814455,0.011365903,0.5794720240151157,1e-05,0.015177078,0.028425071,0.01207437,0.7855893115823468,0.01614246
295,0.022694603,0.011319374,0.5762611823637641,1e-05,0.015173212,0.028465725,0.012095354,0.784289492915074,0.0161533
296,0.022765232,0.011333997,0.5782706941446946,1e-05,0.015126514,0.028514385,0.012057897,0.7827803197627267,0.016134908
297,0.02262071,0.01132198,0.5749976239097652,1e-05,0.01517967,0.028456734,0.012094649,0.7821961231529713,0.016121065
298,0.022653686,0.011337052,0.5752150762642292,1e-05,0.015167188,0.028408447,0.012040951,0.7814360751459996,0.016104845
299,0.02261023,0.011300424,0.5730118189011321,1e-05,0.015118388,0.028419273,0.01206067,0.7833346383025249,0.016146982
300,0.022533925,0.011266085,0.5723403763757371,1e-05,0.015158886,0.028471418,0.012065228,0.7818704651047786,0.01607816
301,0.022656932,0.01130002,0.5743759469172984,1e-05,0.015143523,0.028458605,0.012039419,0.7815153645351529,0.016098624
302,0.022571703,0.011279025,0.5711963958567785,1e-05,0.015120469,0.028396359,0.012074265,0.7808532298853,0.0161168
303,0.022619244,0.011278781,0.5739267503352992,1e-05,0.015125844,0.02843286,0.012036491,0.7798359723140796,0.016096292
304,0.022511639,0.011300891,0.5719990970483467,1e-05,0.015127342,0.028508948,0.012041147,0.7818582141771913,0.01610911
305,0.02262946,0.011290233,0.5733769008404351,1e-05,0.015122321,0.02841903,0.012047423,0.7806987892836332,0.016074784
306,0.022464806,0.011259848,0.5703589824871956,1e-05,0.015103053,0.028398434,0.012054541,0.7813663237417737,0.01612229
307,0.02253315,0.0113042835,0.5717078949635941,1e-05,0.015116943,0.028360317,0.012041069,0.7799912638341387,0.016110983
308,0.022416094,0.011262951,0.5680835350372762,1e-05,0.01510963,0.028385606,0.012010317,0.7787359710782766,0.016063966
309,0.02240615,0.01124023,0.5667315199714578,1e-05,0.015150413,0.028482901,0.012016291,0.7792191440239549,0.016064232
310,0.022365622,0.011287751,0.5679194947403142,1e-05,0.015081269,0.028529622,0.012020507,0.7818143547823032,0.016066767
311,0.022468215,0.011244091,0.5678575471060695,1e-05,0.015100116,0.02834524,0.012000978,0.7788846377904216,0.016105466
312,0.02246015,0.011305531,0.5689318640634469,1e-05,0.015118257,0.028424965,0.0120068295,0.7792098615318537,0.016066473
313,0.022504842,0.011263525,0.5694722277973057,1e-05,0.015121676,0.028288973,0.012013455,0.7777084416399399,0.016139029
314,0.02251351,0.011219519,0.5680887389128298,1e-05,0.015139455,0.028239807,0.01201551,0.7772697173058987,0.016068362
315,0.022374468,0.011234007,0.5658073016751374,1e-05,0.015103575,0.028277358,0.012041377,0.77779569880416,0.016073026
316,0.02234764,0.011246488,0.5660043957928702,1e-05,0.015052292,0.028246453,0.01199175,0.7762025988971194,0.016081516
317,0.022242641,0.011239521,0.5632212817600483,1e-05,0.015043589,0.028281804,0.0120193595,0.7766536123429736,0.01606549
318,0.022229869,0.011211508,0.5636402936876846,1e-05,0.015064194,0.0283379,0.0119583495,0.7760794684290886,0.016048953
319,0.022528376,0.011258487,0.5687423788447331,1e-05,0.015072583,0.028317936,0.01198858,0.7764205876737833,0.016036252
320,0.0222872,0.011207312,0.5627911788519433,1e-05,0.015041951,0.028364437,0.01198662,0.7774494644254446,0.016042434
321,0.022281902,0.011194399,0.5633698278946115,1e-05,0.015034908,0.028377868,0.011963041,0.7761921702573696,0.016008293
322,0.02233027,0.011191945,0.5635401161406809,1e-05,0.015050895,0.02824917,0.011945955,0.773770270558695,0.016040705
323,0.022311745,0.011229991,0.5630673573156723,1e-05,0.015073943,0.028262926,0.01196008,0.7750142958636085,0.016052578
324,0.022213968,0.011201459,0.5596145117050197,1e-05,0.015063138,0.028223118,0.011957351,0.7741335866351923,0.016048077
325,0.022190845,0.01120498,0.5607698127952426,1e-05,0.015020809,0.02837231,0.0119408425,0.7771175717934966,0.015997961
326,0.022160633,0.011164634,0.5589851776713208,1e-05,0.015053838,0.028199779,0.011942061,0.7728036350260178,0.016009083
327,0.02224085,0.011170624,0.5601691414787082,1e-05,0.015034182,0.028271377,0.011950669,0.7734271831189593,0.016001025
328,0.022248492,0.01118806,0.5620535642216592,1e-05,0.015016531,0.028486311,0.011926567,0.7762182628115019,0.01601577
329,0.022210784,0.011173145,0.5600109511278527,1e-05,0.015064165,0.028247496,0.011927711,0.772777136725684,0.015992125
330,0.022037271,0.01115243,0.5561862463381753,1e-05,0.0150160985,0.028260913,0.011932336,0.7732699618985256,0.016030498
331,0.022122614,0.011151597,0.5576376711391554,1e-05,0.015023478,0.028197208,0.011939121,0.7729448253909746,0.01602788
332,0.02226243,0.011183677,0.561432350379865,1e-05,0.015017388,0.028255727,0.01193348,0.7720610614245137,0.016012587
333,0.022122344,0.011169056,0.5584793935618636,1e-05,0.014985883,0.028329425,0.011941499,0.7732031578198075,0.015989216
334,0.022117909,0.011176222,0.5566682438831242,1e-05,0.014990433,0.028201004,0.011930325,0.7708317668487629,0.015981514
335,0.022122782,0.011144305,0.556712562708028,1e-05,0.015008056,0.028219756,0.011909754,0.7705278738091389,0.015987463
336,0.022035856,0.0111599425,0.5549314894919828,1e-05,0.014971557,0.028240945,0.01193633,0.7711687106639147,0.015994638
337,0.022172645,0.011143556,0.556548783822941,1e-05,0.014990401,0.028205667,0.011925902,0.7711092798660198,0.016005892
338,0.022051675,0.01115911,0.5563477272281143,1e-05,0.014971278,0.028268993,0.011913646,0.7719482462853193,0.015983174
339,0.022142477,0.011157931,0.5566940614878789,1e-05,0.01499129,0.028170906,0.011940132,0.7727082666630546,0.016010614
340,0.02203914,0.01113323,0.5534777997487175,1e-05,0.015005587,0.028128138,0.011903551,0.7701067825158437,0.015970198
341,0.022036735,0.0111165065,0.5552597477022734,1e-05,0.014996897,0.028227031,0.0118919145,0.7705491834009687,0.015954485
342,0.02202628,0.011119741,0.5526229462037815,1e-05,0.014919776,0.028247923,0.0119038755,0.7709146961569786,0.01600422
343,0.021947071,0.011130861,0.5524343405470645,1e-05,0.014972445,0.02806183,0.011909806,0.7706782085200151,0.015991252
344,0.021884214,0.011102686,0.5494379610610199,1e-05,0.014925843,0.02810293,0.011920407,0.7699736055607597,0.01596677
345,0.022066,0.011091266,0.5529613903756804,1e-05,0.014957474,0.028255956,0.011911454,0.7702639096726974,0.015958473
346,0.022057438,0.0111132,0.5533173082548223,1e-05,0.014955741,0.028185738,0.011880235,0.7693035944054524,0.015967436
347,0.021883866,0.011099956,0.5494493347358484,1e-05,0.01497603,0.0283447,0.011912856,0.7735581401114663,0.015987268
348,0.021975886,0.011104251,0.5519911696114305,1e-05,0.014954323,0.028236846,0.01189586,0.7689616428688169,0.015933668
349,0.021913292,0.011115243,0.5490348830425643,1e-05,0.014949271,0.028311534,0.011882981,0.7714976472780108,0.015988499
350,0.021947416,0.0110890595,0.5515799826924207,1e-05,0.014948346,0.028216094,0.011917017,0.7711395369842649,0.01600518
351,0.021949343,0.011097203,0.5500686806803046,1e-05,0.0149085745,0.028197907,0.011855338,0.7698783775170644,0.015969817
352,0.021849725,0.011109113,0.5484408067301959,1e-05,0.01493528,0.028202435,0.011865799,0.7691842416922251,0.015937733
353,0.02182757,0.011098258,0.5488786493801222,1e-05,0.014961387,0.028132865,0.011849231,0.7681197843824824,0.01595017
354,0.021825198,0.011055698,0.5466599856192154,1e-05,0.014911525,0.028221617,0.011853374,0.7685457871605953,0.015935898
355,0.021962637,0.0110601885,0.5500434941936169,1e-05,0.014910756,0.028149571,0.011854891,0.76822737728556,0.015947245
356,0.021845682,0.011073916,0.5465048378425406,1e-05,0.014877029,0.028243873,0.011855368,0.7685061702504754,0.015963828
357,0.021884548,0.011066531,0.5486847433581281,1e-05,0.014897914,0.028162437,0.01186212,0.7675356225421032,0.015957963
358,0.021878326,0.011078034,0.5475627060393652,1e-05,0.01487777,0.028268771,0.011832026,0.7686217247198025,0.015960338
359,0.021721868,0.011079922,0.5443502335406062,1e-05,0.014893461,0.028174423,0.011820953,0.7680799687902132,0.015932621
360,0.021882232,0.011080463,0.5473456635267124,1e-05,0.014925985,0.02809007,0.011860973,0.7674365869412819,0.015926413
361,0.02184118,0.011070827,0.5470529120291415,1e-05,0.014868092,0.028056324,0.011825066,0.7669002177814642,0.015907973
362,0.021633329,0.011056901,0.5429948326093321,1e-05,0.014874436,0.0281604,0.011829733,0.7678470605363449,0.01595011
363,0.021736544,0.011010894,0.543220916517019,1e-05,0.014885165,0.028150506,0.011820488,0.7667950044075648,0.015930016
364,0.021709036,0.011021202,0.541677678698924,1e-05,0.01486878,0.028319849,0.011849697,0.7720070670669278,0.01596533
365,0.02170577,0.011027563,0.5429063025010851,1e-05,0.014840899,0.028257327,0.011825828,0.7679364659513036,0.015940238
366,0.02168913,0.0110229645,0.5417685106345351,1e-05,0.0148499785,0.028116584,0.011836048,0.7667326889932156,0.015951127
367,0.021790158,0.011049674,0.5444807403739093,1e-05,0.01485816,0.02800881,0.011826549,0.7645612501849731,0.015935583
368,0.021677474,0.011022441,0.5419033454425299,1e-05,0.014838831,0.028051155,0.011827227,0.7677507279440761,0.015959334
369,0.021711957,0.011033928,0.5423138559412053,1e-05,0.014844312,0.028003313,0.011817168,0.76519383272777,0.01590416
370,0.021536224,0.011008109,0.5382575056719862,1e-05,0.014831157,0.028108004,0.011811957,0.7651066711793343,0.015913136
371,0.021705352,0.01101783,0.5429807515081391,1e-05,0.014892686,0.028105604,0.011813837,0.7662857910618186,0.015891645
372,0.021575756,0.011037853,0.5400904763648212,1e-05,0.014869891,0.028071659,0.011801339,0.764913039902846,0.01590467
373,0.02160039,0.011038507,0.5407021365264253,1e-05,0.014846295,0.028120007,0.011790648,0.7651396095752716,0.015895072
374,0.021659043,0.010973967,0.5397523092073907,1e-05,0.014831329,0.0280464,0.011786716,0.7638290409619609,0.015907293
375,0.021693466,0.011040692,0.5417241969762796,1e-05,0.014837489,0.02805093,0.011825815,0.7644209597880641,0.015917657
376,0.021614624,0.011029909,0.5387504165468205,1e-05,0.014836405,0.027954169,0.011783079,0.7633098758136233,0.015928455
377,0.021589886,0.011003355,0.5379705354485802,1e-05,0.014808046,0.02809582,0.011786233,0.7636493801449736,0.015899934
378,0.021547655,0.0110030845,0.5377344196206804,1e-05,0.014833012,0.027971188,0.011769567,0.7625067985306183,0.015889706
379,0.021593623,0.010992723,0.5377333683959379,1e-05,0.014804678,0.028253041,0.011793507,0.7690488699202737,0.015878446
380,0.0215272,0.011008514,0.5376247334904567,1e-05,0.014817589,0.028054506,0.011783086,0.7642171640569965,0.01589492
381,0.021705922,0.011030131,0.5409423305164386,1e-05,0.01483889,0.028060906,0.011759557,0.7638089144602418,0.01590062
382,0.021619797,0.010987423,0.5387224247069639,1e-05,0.014828788,0.027986906,0.011775619,0.7626900589093566,0.01588052
383,0.021627164,0.010965296,0.5384881565888358,1e-05,0.014816372,0.02811681,0.011744249,0.7634557178243995,0.015887054
384,0.021413604,0.010962865,0.5342313419048055,1e-05,0.014809234,0.027992018,0.011782914,0.7632253163804611,0.015895613
385,0.021644555,0.010971746,0.5382169698259176,1e-05,0.014788627,0.02801359,0.0117397,0.7618636228144169,0.01586322
386,0.02148203,0.01098872,0.5357061246779975,1e-05,0.014793183,0.028093563,0.011785162,0.7649028403684497,0.015922574
387,0.021436924,0.010957787,0.5342552270804426,1e-05,0.014762645,0.028047536,0.011746656,0.762944990148147,0.01588516
388,0.021342658,0.010946031,0.5322452261787332,1e-05,0.014780118,0.028063258,0.011741418,0.7622732610131303,0.015862618
389,0.021391135,0.010958277,0.5333425919306127,1e-05,0.014781072,0.02803621,0.0117588155,0.7613593817998966,0.015869457
390,0.02150435,0.010938977,0.532906244700319,1e-05,0.01477636,0.027910892,0.011741417,0.7598606546719869,0.015856884
391,0.02149947,0.010923961,0.5336636960438007,1e-05,0.014786163,0.027991451,0.011772293,0.7621431139608225,0.015893122
392,0.02134375,0.010922486,0.5306218348606035,1e-05,0.0147364065,0.027936677,0.011737291,0.7604640942687789,0.015856886
393,0.021404086,0.010956432,0.5326843599432782,1e-05,0.014780028,0.02804353,0.011735303,0.7610826194286346,0.015873533
394,0.021416018,0.0109416,0.5322810803913222,1e-05,0.014747352,0.027954983,0.011726882,0.7602171339094639,0.01585316
395,0.021381523,0.010959949,0.5321172910702899,1e-05,0.014789691,0.027998907,0.011728465,0.7599756823231777,0.015859475
396,0.02139038,0.010940555,0.5309775575704607,1e-05,0.014751558,0.027993087,0.011703209,0.7595505199084679,0.015837215
397,0.02147769,0.010929599,0.5327493237710026,1e-05,0.014760439,0.02795124,0.011723482,0.7585714633266131,0.015851561
398,0.02135526,0.010938676,0.5308734740886568,1e-05,0.014742349,0.027977772,0.01171786,0.7599700363352895,0.015858425
399,0.02136786,0.010917814,0.5309426703422954,1e-05,0.014749786,0.027940247,0.011732436,0.7597773224115372,0.015835376
400,0.02127802,0.010930331,0.5295500657451686,1e-05,0.0147388615,0.028029718,0.011703766,0.7596492699036995,0.015843047
401,0.021512272,0.010940728,0.5338924375248284,1e-05,0.014782504,0.028087633,0.011708541,0.760345607685546,0.015840754
402,0.02140199,0.010919359,0.5310912726598821,1e-05,0.014743327,0.027943216,0.011746256,0.759362624026835,0.015883185
403,0.021242183,0.01090053,0.527122653173935,1e-05,0.0147388,0.028110491,0.011760233,0.7638540013382832,0.015921382
404,0.02115128,0.010905337,0.5250576626077448,1e-05,0.014723669,0.027964732,0.011689053,0.758853213240703,0.015834602
405,0.021259818,0.010908311,0.527037075206415,1e-05,0.014734793,0.027884765,0.011729306,0.757904963567853,0.01585611
406,0.021176286,0.0109121585,0.525298121362822,1e-05,0.014728082,0.02793925,0.011711368,0.758180755811433,0.015849348
407,0.021011926,0.010861433,0.5221972970888618,1e-05,0.014709099,0.027878731,0.011717345,0.758224482027193,0.015844129
408,0.021179305,0.010874707,0.5251945531600926,1e-05,0.0147354035,0.02793404,0.011677845,0.7585248056178292,0.0158343
409,0.02119397,0.010888457,0.5248978001618358,1e-05,0.014734933,0.028086685,0.01171436,0.7625334194550911,0.015878256
410,0.021226438,0.01085787,0.5268868084410986,1e-05,0.014693247,0.027923843,0.011693688,0.758631342711548,0.015832994
411,0.02120519,0.010894132,0.5262450107066421,1e-05,0.014693985,0.027950816,0.011707824,0.7584134762485822,0.01587888
412,0.021134516,0.01086838,0.5235892525359765,1e-05,0.014690718,0.02801727,0.011652279,0.7583842109888792,0.015831491
413,0.021034602,0.010872409,0.5202103644506803,1e-05,0.014694546,0.027990043,0.011663789,0.7589117024714748,0.015848344
414,0.021179372,0.010854361,0.5241753253679462,1e-05,0.014672692,0.027935736,0.011694171,0.7608430807789167,0.01585599
415,0.021007942,0.0108762635,0.5204426594566122,1e-05,0.014660828,0.027931644,0.011711617,0.7573991560687622,0.015830718
416,0.021060333,0.010867467,0.5213905480165295,1e-05,0.014702159,0.02798604,0.011657504,0.7573509638508161,0.015820209
417,0.021168863,0.010852061,0.5231201398591634,1e-05,0.014655444,0.027927497,0.011691455,0.7580119846388698,0.015829783
418,0.021064268,0.0108498875,0.5216124142968148,1e-05,0.014667863,0.02806357,0.011665319,0.7581745243320862,0.015793126
419,0.021041058,0.010841577,0.5197260374316666,1e-05,0.014636519,0.027999345,0.011629511,0.7585486257448792,0.015802778
420,0.021103006,0.010849599,0.5217938780374012,1e-05,0.014668721,0.02788382,0.011681044,0.7561801690608263,0.015815996
421,0.02106608,0.010841363,0.5213242531780808,1e-05,0.014673823,0.027932903,0.011657998,0.7557409508153796,0.015795574
422,0.021060973,0.01084266,0.5196889360380775,1e-05,0.014642122,0.027975546,0.0116612185,0.7576513458043337,0.01583906
423,0.021075875,0.01086717,0.521119646274674,1e-05,0.014660293,0.027917197,0.01164036,0.7557073875019947,0.015770085
424,0.021020234,0.010859159,0.5203989849230178,1e-05,0.014670063,0.027877297,0.011656634,0.7557577174156904,0.015785383
425,0.021011129,0.0108244885,0.5187883664833555,1e-05,0.014625996,0.028005634,0.011652787,0.7571931403751174,0.015845241
426,0.021001691,0.0108315,0.5188766062670269,1e-05,0.014621729,0.02792876,0.011668228,0.7562959970285495,0.015826296
427,0.021011101,0.010841829,0.5185347418423772,1e-05,0.014611761,0.027898984,0.011649794,0.7559749803816279,0.015786631
428,0.0209685,0.010837634,0.5173953014386371,1e-05,0.014635186,0.027878562,0.011642852,0.7562629800910751,0.015774958
429,0.021044582,0.010837982,0.5187877403608556,1e-05,0.014624187,0.027898043,0.011646994,0.7549244531740745,0.015814088
430,0.021032853,0.010805943,0.517867237158402,1e-05,0.014590931,0.027954511,0.011636045,0.7569829157243172,0.015812797
431,0.020976089,0.010801746,0.5178211819290705,1e-05,0.014622753,0.027899496,0.011640002,0.7562166098505259,0.015811378
432,0.020940404,0.010810961,0.5172503337383818,1e-05,0.014602182,0.027841963,0.011599144,0.7536602718755603,0.015771212
433,0.02091618,0.010807265,0.516643835332172,1e-05,0.014638272,0.027997537,0.011656197,0.7553041859840354,0.015782304
434,0.020963838,0.01081179,0.5166455368018451,1e-05,0.014618958,0.027918544,0.011628558,0.754769861077269,0.015761767
435,0.02090417,0.010796934,0.5144707455153307,1e-05,0.014642524,0.027838154,0.011637997,0.7548005593319734,0.015800528
436,0.020877909,0.010789286,0.5148654607489244,1e-05,0.014621511,0.027866326,0.0116325375,0.7535293077429136,0.015781216
437,0.020948425,0.0107856635,0.5151301653869664,1e-05,0.014589075,0.027947694,0.011623758,0.7550268191844225,0.015783709
438,0.020823734,0.01080429,0.5142785626218732,1e-05,0.014593877,0.027879933,0.011614401,0.7538585808749,0.01576035
439,0.020866035,0.010797847,0.5132665759386617,1e-05,0.01458626,0.027956465,0.011585062,0.7536635001500448,0.01577963
440,0.020875208,0.010752277,0.5138659258250117,1e-05,0.014609171,0.02794684,0.011602296,0.753025345193843,0.015768781
441,0.020871887,0.010822233,0.5135348279426895,1e-05,0.014597782,0.027843125,0.011575428,0.7541955336928368,0.0157825
442,0.020856863,0.010788739,0.514596730094279,1e-05,0.0145925265,0.027863434,0.011590686,0.7539156060665846,0.015827527
443,0.02077324,0.0107849715,0.5115495944132624,1e-05,0.014575369,0.027995786,0.011587954,0.7544641587883234,0.015767006
444,0.020840505,0.010767881,0.5138376671671183,1e-05,0.014600245,0.027840756,0.011618759,0.752590469395121,0.015772413
445,0.020713441,0.010751738,0.5106074941418338,1e-05,0.014553575,0.027952889,0.011601398,0.7544787808631858,0.015791344
446,0.020802198,0.010773208,0.5113412205784247,1e-05,0.014571886,0.027797349,0.011576716,0.7515596306572357,0.015760854
447,0.020891901,0.0107857715,0.5128609046733476,1e-05,0.014583439,0.027919736,0.011570293,0.7517633760968844,0.015764266
448,0.020870714,0.010767139,0.5119456637535249,1e-05,0.014573846,0.027790377,0.011591174,0.7530741384252906,0.015788626
449,0.02075725,0.01073332,0.5107494785988235,1e-05,0.014544314,0.027945254,0.011603854,0.7556179764991006,0.015781723
450,0.020709205,0.010763933,0.5096336593241971,1e-05,0.014556902,0.027890977,0.011565273,0.7515847853695353,0.015770026
451,0.02070912,0.010749908,0.5093777146870452,1e-05,0.014535054,0.02786868,0.011569324,0.7503961430241665,0.01569996
452,0.02091441,0.010755349,0.5129126684673891,1e-05,0.0145516535,0.027917786,0.0115668215,0.7509374739602208,0.015736317
453,0.020764401,0.010743675,0.5090360515221662,1e-05,0.014565485,0.027898733,0.011544615,0.7516114885608355,0.015741937
454,0.020778447,0.010742747,0.5092505033541765,1e-05,0.014544683,0.027827647,0.011573371,0.7521504893278083,0.015750462
455,0.020715935,0.010738333,0.509060900808065,1e-05,0.0145333,0.027941214,0.011553753,0.7522078662489852,0.015754903
456,0.020692812,0.010726114,0.5078794826869987,1e-05,0.014533097,0.027935468,0.011585034,0.7549098726982871,0.015784077
457,0.020732291,0.010748903,0.5093794021622869,1e-05,0.014529924,0.027889963,0.011571478,0.7513828435912728,0.015730241
458,0.020609234,0.01071114,0.505839553547234,1e-05,0.014538877,0.027851816,0.011534434,0.7511639821653565,0.015748031
459,0.020571966,0.010741626,0.5045854555684581,1e-05,0.0145528745,0.027823128,0.0115612475,0.7506241779774427,0.015733862
460,0.02062145,0.010730695,0.5065726458547309,1e-05,0.014539846,0.027764268,0.011563389,0.7479083944732944,0.015708243
461,0.020566685,0.010716245,0.505057645035666,1e-05,0.014503643,0.027858969,0.011539217,0.7499645603820682,0.015736446
462,0.020644808,0.010726872,0.5067658010703414,1e-05,0.014565809,0.027786437,0.011511911,0.7483112194264928,0.015720474
463,0.020659048,0.010699312,0.505884775817052,1e-05,0.014505809,0.027828438,0.011528148,0.7493517715483904,0.015719531
464,0.020577777,0.010711019,0.504647988436827,1e-05,0.0144805005,0.02779818,0.011546593,0.7509404557446638,0.015758777
465,0.020488538,0.010714816,0.5017763439193795,1e-05,0.014462142,0.027792864,0.011540892,0.7501182404036323,0.015746363
466,0.02056041,0.010692272,0.503361561576206,1e-05,0.014486927,0.027753044,0.011542161,0.7489817285289367,0.015720705
467,0.020588426,0.010716901,0.504966957492478,1e-05,0.0144758895,0.027791329,0.01154193,0.7487201147402326,0.015706738
468,0.020542264,0.0107014915,0.5041350337038357,1e-05,0.014511703,0.027799478,0.011525249,0.7492136095340053,0.015731527
469,0.020515617,0.0106878625,0.5033303943006098,1e-05,0.014474713,0.027907822,0.01152252,0.7508698916062713,0.015702566
470,0.020583605,0.010700454,0.5053359085670431,1e-05,0.014487093,0.027905706,0.011499385,0.7503222804516554,0.01572804
471,0.020400437,0.010655486,0.5003899569729029,1e-05,0.014479865,0.027838567,0.0115266135,0.7505131714666883,0.015751993
472,0.020646468,0.010695481,0.5035343038433592,1e-05,0.014462485,0.027823098,0.011513905,0.749624775412182,0.01572601
473,0.020574676,0.010700197,0.5024352707695879,1e-05,0.014472545,0.02782573,0.011526996,0.7516346353416642,0.015765047
474,0.020416753,0.010662956,0.4994293446176772,1e-05,0.014462652,0.027839594,0.011541322,0.748968900491794,0.015710553
475,0.02058662,0.010696058,0.5031459746555127,1e-05,0.0144830085,0.027826332,0.011516899,0.7474715110535423,0.01569687
476,0.020382663,0.010664944,0.4979680504577168,1e-05,0.014452288,0.027931541,0.011506748,0.7528059252848228,0.015723381
477,0.02038373,0.010658655,0.4988779140257808,1e-05,0.01443377,0.027825892,0.011492076,0.7479442727441589,0.015669554
478,0.020391166,0.010675241,0.4981819841193824,1e-05,0.014421002,0.027797116,0.011492561,0.74867231802394,0.015692309
479,0.020387946,0.010660558,0.4987722788899966,1e-05,0.014439898,0.027748622,0.011488016,0.7475878586992621,0.015689224
480,0.020506496,0.010667322,0.50111505810073,1e-05,0.01448162,0.027709357,0.011495996,0.7471226491034031,0.015672443
481,0.020393081,0.010681518,0.4979668246618505,1e-05,0.0144513035,0.027636379,0.011510431,0.7456367885073026,0.015665462
482,0.020394435,0.010648872,0.4976896188562965,1e-05,0.014423,0.027720088,0.011481578,0.7456167408575615,0.015706453
483,0.020374943,0.010643928,0.4971207642390999,1e-05,0.014440203,0.027830128,0.01147847,0.7474549608305097,0.015694233
484,0.020410378,0.010651716,0.49802917047017753,1e-05,0.014426187,0.02767324,0.011513746,0.7452399727577964,0.015704602
485,0.020318782,0.010664302,0.4964990211409077,1e-05,0.01443197,0.027735442,0.0114881145,0.7481806377569834,0.015731795
486,0.020370292,0.010649122,0.49698668998910966,1e-05,0.014405585,0.027783552,0.011459566,0.7473479484518369,0.015682472
487,0.020321816,0.010659334,0.4962949601229789,1e-05,0.014406347,0.0278442,0.011497862,0.7476979757969578,0.015674846
488,0.020302974,0.010645544,0.49650347698159114,1e-05,0.014417732,0.027621714,0.011493485,0.7447348178053895,0.01569336
489,0.020335123,0.010628922,0.49541167618897153,1e-05,0.0144033935,0.027796129,0.011478156,0.7471017691617211,0.015708573
490,0.02033221,0.010651483,0.49523747220515657,1e-05,0.0143922465,0.027763195,0.011461256,0.7447367664426565,0.01566285
491,0.020220423,0.010645717,0.49429142228771433,1e-05,0.01444569,0.02773049,0.011473153,0.7488144508873423,0.015709398
492,0.020331018,0.010627747,0.49470655929754853,1e-05,0.014432528,0.027826406,0.0114875715,0.7479246221482754,0.015689662
493,0.020330854,0.010628926,0.4952866969166065,1e-05,0.014400217,0.02765634,0.011484109,0.745748670771718,0.01568798
494,0.020233586,0.010642537,0.4931981560488656,1e-05,0.01440069,0.02765675,0.011455793,0.7441151104867458,0.015684836
495,0.020220941,0.010610124,0.49421426568321464,1e-05,0.0144117465,0.027729701,0.011439406,0.7454023184254766,0.01567812
496,0.020280045,0.010629209,0.4951443275272093,1e-05,0.014384202,0.02770906,0.01147896,0.7471858967716495,0.015707152
497,0.020202303,0.010604262,0.4918344877275342,1e-05,0.014403728,0.027621977,0.011458546,0.7431791322305799,0.015675716
498,0.020172926,0.010609271,0.49170087895491915,1e-05,0.014373889,0.02771484,0.011445265,0.7451269353429476,0.015690349
499,0.020204894,0.010625641,0.4929335887889227,1e-05,0.0143945655,0.02775871,0.011467331,0.7465506503358483,0.015712835
